{
    "stock": [
        {
            "name": "Nuevo Stock",
            "url": "https://discord.com/channels/1387473286044057650/1403830214789959752/1470104499745063107",
            "id": 1470104499745063107,
            "platform": "Steam",
            "games": "Forza Horizon 4"
        },
        {
            "name": "Nuevo Stock",
            "url": "https://discord.com/channels/1387473286044057650/1403830214789959752/1470103667616120965",
            "id": 1470103667616120965,
            "platform": "Steam",
            "games": "Nba 2k25"
        },
        {
            "name": "Nuevo Stock",
            "url": "https://discord.com/channels/1387473286044057650/1403830214789959752/1470102565038588048",
            "id": 1470102565038588048,
            "platform": "Steam",
            "games": "Outlast 2"
        },
        {
            "name": "Nuevo Stock",
            "url": "https://discord.com/channels/1387473286044057650/1403830214789959752/1470102159893860452",
            "id": 1470102159893860452,
            "platform": "Steam",
            "games": "Choo-Choo Charles"
        },
        {
            "name": "Nuevo Stock",
            "url": "https://discord.com/channels/1387473286044057650/1403830214789959752/1470101779323555842",
            "id": 1470101779323555842,
            "platform": "Steam",
            "games": "EA SPORTS\u2122 FIFA 21\nEA SPORTS\u2122 FIFA 22\nNeed for Speed\u2122 Heat"
        },
        {
            "name": "Nuevo Stock",
            "url": "https://discord.com/channels/1387473286044057650/1403830214789959752/1470101220449321083",
            "id": 1470101220449321083,
            "platform": "Steam",
            "games": "Mortal Kombat 11\nMotorcycle Mechanic Simulator 2021\nInjustice\u2122 2\nCuphead\nLIMBO\nIt Takes Two"
        },
        {
            "name": "Nuevo Stock",
            "url": "https://discord.com/channels/1387473286044057650/1403830214789959752/1470079225007439934",
            "id": 1470079225007439934,
            "platform": "Steam",
            "games": "The forest\nIt takes two"
        },
        {
            "name": "Nuevo Stock",
            "url": "https://discord.com/channels/1387473286044057650/1403830214789959752/1470034757973839905",
            "id": 1470034757973839905,
            "platform": "Steam",
            "games": "Dead by daylight\nDishonored 1\nDishonored 2\nHuman fall flat\nhand simulator"
        },
        {
            "name": "Cuenta steam",
            "url": "https://discord.com/channels/1387473286044057650/1403830214789959752/1470014435094434060",
            "id": 1470014435094434060,
            "platform": "Steam",
            "games": "\u2022 palworld"
        },
        {
            "name": "Nuevo Stock",
            "url": "https://discord.com/channels/1387473286044057650/1393387009715732531/1470011553032966341",
            "id": 1470011553032966341,
            "platform": "Otros",
            "games": "\u2022 Juego 1"
        },
        {
            "name": "Nuevo Stock",
            "url": "https://discord.com/channels/1387473286044057650/1403830214789959752/1470010594609594514",
            "id": 1470010594609594514,
            "platform": "Steam",
            "games": "\u2022 Blackmyth WUKONG \nForza Horizon 4\nCyberpunk  2077\nBattlefield 6\nLife is strange \nDon't starve together \nPoppy Playtime chapter 1\nPoppy Playtime chapter 2\nThe Witcher 3\nResident Evil Village \nGarry's Mod\nDevilcry 5"
        },
        {
            "name": "Nuevo Stock",
            "url": "https://discord.com/channels/1387473286044057650/1403830214789959752/1470009622822653985",
            "id": 1470009622822653985,
            "platform": "Steam",
            "games": "\u2022 Hollow Knight\nHollow knight Silksong\nThe forest\nDon't starve together\nLeft 4 Dead 2\nPlants vs Zombies"
        },
        {
            "name": "Cuenta steam",
            "url": "https://discord.com/channels/1387473286044057650/1403830214789959752/1470009475078426809",
            "id": 1470009475078426809,
            "platform": "Steam",
            "games": "\u2022 riders republic"
        },
        {
            "name": "Nuevo Stock",
            "url": "https://discord.com/channels/1387473286044057650/1403830214789959752/1470008806200053925",
            "id": 1470008806200053925,
            "platform": "Steam",
            "games": "\u2022 Grand theft auto 5 Enhanced + Legacy\nInternet Cafe Simulator\n20+ Juegos M\u00e1s\n\n\n*usen bypass para gta*"
        },
        {
            "name": "Nuevo Stock",
            "url": "https://discord.com/channels/1387473286044057650/1403830214789959752/1470006377408888843",
            "id": 1470006377408888843,
            "platform": "Steam",
            "games": "\u2022 Forza Horizon 5"
        },
        {
            "name": "Nuevo Stock",
            "url": "https://discord.com/channels/1387473286044057650/1403830214789959752/1470005704591933627",
            "id": 1470005704591933627,
            "platform": "Steam",
            "games": "\u2022 NBA 2K23\n   Escape Memoirs\n   eFootball\n   Hello neighbour \n   Call of duty\n   Poppy playtime Chapter 2\n   It Takes Two"
        },
        {
            "name": "Nuevo Stock",
            "url": "https://discord.com/channels/1387473286044057650/1393387009715732531/1469874554078887948",
            "id": 1469874554078887948,
            "platform": "Crunchyroll",
            "games": "\u2022 Juego 1"
        },
        {
            "name": "Nuevo Stock",
            "url": "https://discord.com/channels/1387473286044057650/1403830214789959752/1469822890378793113",
            "id": 1469822890378793113,
            "platform": "Steam",
            "games": "Gta5 enchanced/legacy"
        },
        {
            "name": "Furry love",
            "url": "https://discord.com/channels/1387473286044057650/1388307614277828695/1469814144134938731",
            "id": 1469814144134938731,
            "platform": "Steam",
            "games": "Furry love"
        },
        {
            "name": "Nuevo Stock",
            "url": "https://discord.com/channels/1387473286044057650/1393387009715732531/1469792831332683809",
            "id": 1469792831332683809,
            "platform": "Crunchyroll",
            "games": "\u2022 Juego 1"
        },
        {
            "name": "Nuevo Stock",
            "url": "https://discord.com/channels/1387473286044057650/1388307614277828695/1469791736174739547",
            "id": 1469791736174739547,
            "platform": "Steam",
            "games": "\u2022 Juego 1"
        },
        {
            "name": "\u2705 DISPONIBLE | Nuevo Stock",
            "url": "https://discord.com/channels/1387473286044057650/1393387009715732531/1469791181356404978",
            "id": 1469791181356404978,
            "platform": "Crunchyroll",
            "games": ""
        },
        {
            "name": "Nuevo Stock",
            "url": "https://discord.com/channels/1387473286044057650/1393387009715732531/1469790159653437501",
            "id": 1469790159653437501,
            "platform": "Crunchyroll",
            "games": ""
        },
        {
            "name": "Nuevo Stock",
            "url": "https://discord.com/channels/1387473286044057650/1403830214789959752/1469783194986610842",
            "id": 1469783194986610842,
            "platform": "Steam",
            "games": "Persona 5 Royal"
        },
        {
            "name": "Nuevo Stock",
            "url": "https://discord.com/channels/1387473286044057650/1403830214789959752/1469779539939819620",
            "id": 1469779539939819620,
            "platform": "Steam",
            "games": "Farming simulator 25"
        },
        {
            "name": "Nuevo Stock",
            "url": "https://discord.com/channels/1387473286044057650/1403830214789959752/1469764477514809536",
            "id": 1469764477514809536,
            "platform": "Steam",
            "games": "\u2022 Arma II y m\u00e1s"
        },
        {
            "name": "Nuevo Stock",
            "url": "https://discord.com/channels/1387473286044057650/1403830214789959752/1469764005101961266",
            "id": 1469764005101961266,
            "platform": "Steam",
            "games": "Devil May Cry HD collection\nProject zomboid"
        },
        {
            "name": "Nuevo Stock",
            "url": "https://discord.com/channels/1387473286044057650/1403830214789959752/1469753511251279934",
            "id": 1469753511251279934,
            "platform": "Steam",
            "games": "Subnautica"
        },
        {
            "name": "Nuevo Stock",
            "url": "https://discord.com/channels/1387473286044057650/1403830214789959752/1469749551127728391",
            "id": 1469749551127728391,
            "platform": "Steam",
            "games": "\u2022 Spider-Man\n Spider-Man 2\n Mafia's\n DOOM\n Garry's Mod\n Dying Ligh\n BorderLands 2\n Halo\n HitMan"
        },
        {
            "name": "Nuevo Stock",
            "url": "https://discord.com/channels/1387473286044057650/1403830214789959752/1469748968593555538",
            "id": 1469748968593555538,
            "platform": "Steam",
            "games": "Cuphead"
        },
        {
            "name": "Nuevo Stock",
            "url": "https://discord.com/channels/1387473286044057650/1403830214789959752/1469748217653760121",
            "id": 1469748217653760121,
            "platform": "Steam",
            "games": "\u2022 Call of Duty Black Ops"
        },
        {
            "name": "Nuevo Stock",
            "url": "https://discord.com/channels/1387473286044057650/1403830214789959752/1469747102765809714",
            "id": 1469747102765809714,
            "platform": "Steam",
            "games": "\u2022 Call of Duty Black Ops 2"
        },
        {
            "name": "Nuevo Stock",
            "url": "https://discord.com/channels/1387473286044057650/1403830214789959752/1469746358985560287",
            "id": 1469746358985560287,
            "platform": "Steam",
            "games": "Outlast"
        },
        {
            "name": "Nuevo Stock",
            "url": "https://discord.com/channels/1387473286044057650/1403830214789959752/1469746030655574189",
            "id": 1469746030655574189,
            "platform": "Steam",
            "games": "\u2022 Silent Hill 2"
        },
        {
            "name": "Nuevo Stock",
            "url": "https://discord.com/channels/1387473286044057650/1403830214789959752/1469745497169330318",
            "id": 1469745497169330318,
            "platform": "Steam",
            "games": "Expedition 33"
        },
        {
            "name": "Nuevo Stock",
            "url": "https://discord.com/channels/1387473286044057650/1403830214789959752/1469745142289272904",
            "id": 1469745142289272904,
            "platform": "Steam",
            "games": "Control"
        },
        {
            "name": "Nuevo Stock",
            "url": "https://discord.com/channels/1387473286044057650/1403830214789959752/1469739488619008074",
            "id": 1469739488619008074,
            "platform": "Steam",
            "games": "\u2022 Content Warning y m\u00e1s"
        },
        {
            "name": "Nuevo Stock",
            "url": "https://discord.com/channels/1387473286044057650/1403830214789959752/1469738578698571960",
            "id": 1469738578698571960,
            "platform": "Steam",
            "games": "Resident Evil 2\nResident Evil 4\nResident Evi 4 Remake \nResident Evil 5\nFiFa 23\nBattlefield V \nLeft 4 Dead 2\nLeft 4 Dead \nCod MW3 (2011)\nCod bo 1\nCod bo 2\nThe walking dead\nHalo master chief collection"
        },
        {
            "name": "Nuevo Stock",
            "url": "https://discord.com/channels/1387473286044057650/1403830214789959752/1469738150610993398",
            "id": 1469738150610993398,
            "platform": "Steam",
            "games": "\u2022 Little Nightmare 1 y 3"
        },
        {
            "name": "Nuevo Stock",
            "url": "https://discord.com/channels/1387473286044057650/1403830214789959752/1469737152899452938",
            "id": 1469737152899452938,
            "platform": "Steam",
            "games": "\u2022 Assassin\u00b4s Creed Shadow"
        },
        {
            "name": "Nuevo Stock",
            "url": "https://discord.com/channels/1387473286044057650/1403830214789959752/1469736745728872538",
            "id": 1469736745728872538,
            "platform": "Steam",
            "games": "Ark: Survival Evolved"
        },
        {
            "name": "Nuevo Stock",
            "url": "https://discord.com/channels/1387473286044057650/1403830214789959752/1469736560898605270",
            "id": 1469736560898605270,
            "platform": "Steam",
            "games": "\u2022 The Witcher 3 Wild Hunt"
        },
        {
            "name": "Nuevo Stock",
            "url": "https://discord.com/channels/1387473286044057650/1403830214789959752/1469736135822545110",
            "id": 1469736135822545110,
            "platform": "Steam",
            "games": "Far Cry 3\nFar Cry New Dawn\nFar Cry 4\nFar Cry\nFar Cry 6\nFar Cry 5\nFar Cry Primal\nFar Cry 2\nFar Cry 5"
        },
        {
            "name": "Nuevo Stock",
            "url": "https://discord.com/channels/1387473286044057650/1403830214789959752/1469734969298522233",
            "id": 1469734969298522233,
            "platform": "Steam",
            "games": "God of War \nGod of War Ragnarok \nMortal Kombat X \nHello neighbor Alpha 1/2/3\nbattlefield 6\nThe hunter classic\nHalo infinite"
        },
        {
            "name": "Nuevo Stock",
            "url": "https://discord.com/channels/1387473286044057650/1403830214789959752/1469733942348349541",
            "id": 1469733942348349541,
            "platform": "Steam",
            "games": "GTA V \nSea of Thieves\nCall of Duty: Modern Warfare II\nAmong Us\nPoly Bridge 2\nAttack on Titan 2 - A.O.T.2\nClone Drone in the Danger Zone\nTotally Accurate Battle Simulator"
        },
        {
            "name": "Nuevo Stock",
            "url": "https://discord.com/channels/1387473286044057650/1403830214789959752/1469733646075166991",
            "id": 1469733646075166991,
            "platform": "Steam",
            "games": "\u2022 The Last Of Us Part 2 Remastered"
        },
        {
            "name": "Nuevo Stock",
            "url": "https://discord.com/channels/1387473286044057650/1403830214789959752/1469733305233444985",
            "id": 1469733305233444985,
            "platform": "Steam",
            "games": "Grand theft auto IV"
        },
        {
            "name": "Nuevo Stock",
            "url": "https://discord.com/channels/1387473286044057650/1403830214789959752/1469732507468435769",
            "id": 1469732507468435769,
            "platform": "Steam",
            "games": "\u2022 Call of Duty Black Ops III"
        },
        {
            "name": "Nuevo Stock",
            "url": "https://discord.com/channels/1387473286044057650/1403830214789959752/1469732492461474023",
            "id": 1469732492461474023,
            "platform": "Steam",
            "games": "Need For Speed HEAT"
        },
        {
            "name": "Nuevo Stock",
            "url": "https://discord.com/channels/1387473286044057650/1403830214789959752/1469731698710417493",
            "id": 1469731698710417493,
            "platform": "Steam",
            "games": "\u2022 Cyberphunk 2077 y otros"
        },
        {
            "name": "Nuevo Stock",
            "url": "https://discord.com/channels/1387473286044057650/1403830214789959752/1469731552861884447",
            "id": 1469731552861884447,
            "platform": "Steam",
            "games": "Elden Ring"
        },
        {
            "name": "Nuevo Stock",
            "url": "https://discord.com/channels/1387473286044057650/1403830214789959752/1469730890786672650",
            "id": 1469730890786672650,
            "platform": "Steam",
            "games": "Assassin's Creed Rogue\nThe forest\nGarry\u00b4s Mod\nBen and Ed blood party\nLeft 4 Dead 2"
        },
        {
            "name": "Nuevo Stock",
            "url": "https://discord.com/channels/1387473286044057650/1403830214789959752/1469730248714358948",
            "id": 1469730248714358948,
            "platform": "Steam",
            "games": "\u2022 Juegos AAA"
        },
        {
            "name": "Nuevo Stock",
            "url": "https://discord.com/channels/1387473286044057650/1403830214789959752/1469730135262363823",
            "id": 1469730135262363823,
            "platform": "Steam",
            "games": "Horizon Zero Dawn"
        },
        {
            "name": "Nuevo Stock",
            "url": "https://discord.com/channels/1387473286044057650/1403830214789959752/1469729427213520946",
            "id": 1469729427213520946,
            "platform": "Steam",
            "games": "Cyberpunk\nBattlefield 6"
        },
        {
            "name": "Nuevo Stock",
            "url": "https://discord.com/channels/1387473286044057650/1403830214789959752/1469728559512944690",
            "id": 1469728559512944690,
            "platform": "Steam",
            "games": "Mx Bikes \nAssetto Corsa\nFnaf UNC\nPoppy playtime"
        },
        {
            "name": "Nuevo Stock",
            "url": "https://discord.com/channels/1387473286044057650/1403830214789959752/1469727937623232674",
            "id": 1469727937623232674,
            "platform": "Steam",
            "games": "Battlefield 2042"
        },
        {
            "name": "Nuevo Stock",
            "url": "https://discord.com/channels/1387473286044057650/1403830214789959752/1469727479777202201",
            "id": 1469727479777202201,
            "platform": "Steam",
            "games": "Black Myth Wukong \nDetroit: Become Human \nSekiro: Shadows Dice Twice \nForza Horizon 5\nSteller Blade \nTomb raider\nPalworld \nMortal Kombat 11\nDooms eternal\nCyberpunk \nResident evil 4\nThe witcher 3\nResident evil village/bio\nControl \nBatman trilogy\nHogwarts legacy \nChained together\nPersona royal 5\nThe Elder Scrolls V"
        },
        {
            "name": "Nuevo Stock",
            "url": "https://discord.com/channels/1387473286044057650/1403830214789959752/1469712036715037030",
            "id": 1469712036715037030,
            "platform": "Steam",
            "games": "\u2022 Resident Evil 4 Remake + 20 M\u00e1s"
        },
        {
            "name": "Nuevo Stock",
            "url": "https://discord.com/channels/1387473286044057650/1403830214789959752/1469708841351516204",
            "id": 1469708841351516204,
            "platform": "Steam",
            "games": "Red Dead Redemption 2"
        },
        {
            "name": "Nuevo Stock",
            "url": "https://discord.com/channels/1387473286044057650/1403830214789959752/1469707352201756682",
            "id": 1469707352201756682,
            "platform": "Steam",
            "games": "\u2022 Mortal Kombat 1"
        },
        {
            "name": "Nuevo Stock",
            "url": "https://discord.com/channels/1387473286044057650/1403830214789959752/1469706990761676872",
            "id": 1469706990761676872,
            "platform": "Steam",
            "games": "Mortal Kombat 1\nTeam Fortress 2\nDota 2\nThe finals"
        },
        {
            "name": "Nuevo Stock",
            "url": "https://discord.com/channels/1387473286044057650/1403830214789959752/1469706054307942609",
            "id": 1469706054307942609,
            "platform": "Steam",
            "games": "\u2022 NBA 2K23"
        },
        {
            "name": "Nuevo Stock",
            "url": "https://discord.com/channels/1387473286044057650/1403830214789959752/1469705380903911638",
            "id": 1469705380903911638,
            "platform": "Steam",
            "games": "Mafia Collection\nMafia: Definitive Edition\nMafia II (Classic)\nMafia II: Definitive Edition\nFallout 4\nborderlands 2"
        },
        {
            "name": "Nuevo Stock",
            "url": "https://discord.com/channels/1387473286044057650/1403830214789959752/1469704561576120457",
            "id": 1469704561576120457,
            "platform": "Steam",
            "games": "Stellar Blade\nBlack Myth Wukong\nCat quest 1"
        },
        {
            "name": "Nuevo Stock",
            "url": "https://discord.com/channels/1387473286044057650/1403830214789959752/1469703610370625708",
            "id": 1469703610370625708,
            "platform": "Steam",
            "games": "\u2022 Batman Arkham Knight \nOutlast 2 \nTomb raider \nBlack mesa\nHatred\nLeft 4 dead 2 \nThe Witcher 3 \nAlan wake \nBeholder \nBioshock 2\nBorderlands 2"
        },
        {
            "name": "Nuevo Stock",
            "url": "https://discord.com/channels/1387473286044057650/1403830214789959752/1469702190670024861",
            "id": 1469702190670024861,
            "platform": "Steam",
            "games": "Tekken 7\nBattlefield 1"
        },
        {
            "name": "Nuevo Stock",
            "url": "https://discord.com/channels/1387473286044057650/1403830214789959752/1469701915809021962",
            "id": 1469701915809021962,
            "platform": "Steam",
            "games": "Batman Arkham Knight \nOutlast 2 \nTomb raider \nBlack mesa\nHatred\nLeft 4 dead 2 \nThe Witcher 3 \nAlan wake \nBeholder \nBioshock 2\nBorderlands 2"
        },
        {
            "name": "Nuevo Stock",
            "url": "https://discord.com/channels/1387473286044057650/1403830214789959752/1469701266329567427",
            "id": 1469701266329567427,
            "platform": "Steam",
            "games": "Alone In The Dark"
        },
        {
            "name": "Nuevo Stock",
            "url": "https://discord.com/channels/1387473286044057650/1403830214789959752/1469700979111887080",
            "id": 1469700979111887080,
            "platform": "Steam",
            "games": "Forza Horizon 4 \nForza Horizon 5\nSpider-man Mile Morales\nSpider-man Remastered \nGod Of War \nThe Witcher III\nBatman Trilogy"
        },
        {
            "name": "Nuevo Stock",
            "url": "https://discord.com/channels/1387473286044057650/1403830214789959752/1469700660739047435",
            "id": 1469700660739047435,
            "platform": "Steam",
            "games": "\u2022 Forza Horizon 4 \n  Forza Horizon 5\n  Spider-man Mile Morales\n  Spider-man Remastered \n  God Of War \n  The Witcher III\n  Batman Trilogy"
        },
        {
            "name": "Nuevo Stock",
            "url": "https://discord.com/channels/1387473286044057650/1404172961522389092/1469700401686380544",
            "id": 1469700401686380544,
            "platform": "Steam",
            "games": "\u2022 Juego 1"
        },
        {
            "name": "Nuevo Stock",
            "url": "https://discord.com/channels/1387473286044057650/1388307614277828695/1469699842635989280",
            "id": 1469699842635989280,
            "platform": "Steam",
            "games": "Forza Horizon 4 \nForza Horizon 5\nSpider-man Mile Morales\nSpider-man Remastered \nGod Of War \nThe Witcher III\nBatman Trilogy"
        },
        {
            "name": "Nuevo Stock",
            "url": "https://discord.com/channels/1387473286044057650/1403830214789959752/1469699593603252331",
            "id": 1469699593603252331,
            "platform": "Steam",
            "games": "\u2022 Forza Horizon 4 \n  Forza Horizon 5\n Spider-man Mile Morales\n Spider-man Remastered \n God Of War \n The Witcher III\n Batman Trilogy"
        },
        {
            "name": "seczo",
            "url": "https://discord.com/channels/1387473286044057650/1388307614277828695/1469691412982530293",
            "id": 1469691412982530293,
            "platform": "Steam",
            "games": "Resident evil 3"
        },
        {
            "name": "Cuenta steam",
            "url": "https://discord.com/channels/1387473286044057650/1403830214789959752/1469638830842708165",
            "id": 1469638830842708165,
            "platform": "Steam",
            "games": "\u2022 Hollow knight / silkong + 15 juegos mas"
        },
        {
            "name": "Cuenta steam",
            "url": "https://discord.com/channels/1387473286044057650/1403830214789959752/1469638057656320052",
            "id": 1469638057656320052,
            "platform": "Steam",
            "games": "\u2022 South Park The Stick of Truth"
        },
        {
            "name": "Nuevo Stock",
            "url": "https://discord.com/channels/1387473286044057650/1403830214789959752/1469637557200486444",
            "id": 1469637557200486444,
            "platform": "Steam",
            "games": "\u2022 Battlefield\u2122 1"
        },
        {
            "name": "Cuenta steam",
            "url": "https://discord.com/channels/1387473286044057650/1403830214789959752/1469637191415103539",
            "id": 1469637191415103539,
            "platform": "Steam",
            "games": "\u2022 watch_dogs legion"
        },
        {
            "name": "Cuenta steam",
            "url": "https://discord.com/channels/1387473286044057650/1403830214789959752/1469636078725107723",
            "id": 1469636078725107723,
            "platform": "Steam",
            "games": "\u2022 resident evil 4 remake"
        },
        {
            "name": "CUENTA STEAM",
            "url": "https://discord.com/channels/1387473286044057650/1403830214789959752/1468968037905334465",
            "id": 1468968037905334465,
            "platform": "Steam",
            "games": "\u2022 batman arkham knight\n\u2022 Outlast 2\n\u2022 Tomb raider\n\u2022 Left 4 dead 2\n\u2022 The Witcher 3\n\u2022 Alan wake\n\u2022 Borderlands 2\n\u2022 Bioshock 2"
        },
        {
            "name": "CUENTA STEAM",
            "url": "https://discord.com/channels/1387473286044057650/1403830214789959752/1468669338495226010",
            "id": 1468669338495226010,
            "platform": "Steam",
            "games": "\u2022 Nier replicant"
        },
        {
            "name": "CUENTA STEAM",
            "url": "https://discord.com/channels/1387473286044057650/1403830214789959752/1468654557671325846",
            "id": 1468654557671325846,
            "platform": "Steam",
            "games": "\u2022 Red Dead Redemption 2"
        },
        {
            "name": "CUENTA STEAM",
            "url": "https://discord.com/channels/1387473286044057650/1403830214789959752/1468653742114082941",
            "id": 1468653742114082941,
            "platform": "Steam",
            "games": "\u2022 Mortal Kombat 1"
        },
        {
            "name": "CUENTA STEAM",
            "url": "https://discord.com/channels/1387473286044057650/1403830214789959752/1468653178663997441",
            "id": 1468653178663997441,
            "platform": "Steam",
            "games": "\u2022 battlefield 6"
        },
        {
            "name": "CUENTA STEAM \u26a1",
            "url": "https://discord.com/channels/1387473286044057650/1403830214789959752/1468609744506720329",
            "id": 1468609744506720329,
            "games": "\u2022 borderlands 2\n\u2022 fallout 4\n\u2022 project cars 2"
        },
        {
            "name": "CUENTA STEAM \u26a1",
            "url": "https://discord.com/channels/1387473286044057650/1403830214789959752/1468608844581179505",
            "id": 1468608844581179505,
            "games": "\u2022 grand theft auto V legacy / enhanced\n\u2022 rust\n\u2022 among us\n\u2022 sea of thieves\n\u2022 Attack on Titan 2 - A.O.T.2"
        },
        {
            "name": "**CUENTA STEAM** \u26a1",
            "url": "https://discord.com/channels/1387473286044057650/1403830214789959752/1468526474783887401",
            "id": 1468526474783887401,
            "games": "\u2022 stellar blade"
        },
        {
            "name": "**XBOX ULTIMATE**",
            "url": "https://discord.com/channels/1387473286044057650/1403830214789959752/1468525941209960502",
            "id": 1468525941209960502,
            "games": ""
        },
        {
            "name": "**CUENTA XBOX**",
            "url": "https://discord.com/channels/1387473286044057650/1403830214789959752/1468525754131288196",
            "id": 1468525754131288196
        },
        {
            "name": "**CUENTA STEAM** \u26a1",
            "url": "https://discord.com/channels/1387473286044057650/1403830214789959752/1468525045235187783",
            "id": 1468525045235187783,
            "games": "\u2022 sea of thieves"
        },
        {
            "name": "CUENTA STEAM \u26a1",
            "url": "https://discord.com/channels/1387473286044057650/1403830214789959752/1468337665207439482",
            "id": 1468337665207439482,
            "games": "\u2022 Hollow Knight: Silksong"
        },
        {
            "name": "CUENTA STEAM \u26a1",
            "url": "https://discord.com/channels/1387473286044057650/1403830214789959752/1468337116558790852",
            "id": 1468337116558790852,
            "games": "\u2022  SUBNAUTICA\n\u2022  Metro Exodus\n\u2022  Metro Exodus: Enhanced Edition\n\u2022  Metro Last Light Redux\n\u2022  Metro 2033 Redux\n\u2022  The Forest\n\u2022  Sons Of The Forest\n\u2022  Mafia I Definitive Edition\n\u2022  Mafia II Definitive Edition\n\u2022  Mafia II Classic\n\u2022  Half Life 2\n\u2022  Half Life 1\n\u2022  Dying Light\n\u2022  The Witcher III\n\u2022  Doom Eternal\n\u2022  Garry's Mod\n\u2022  Tomb Rider\n\u2022  Euro Truck Simulator 2\n\u2022  Detroid: Become Human\n\u2022  Planet Coaster\n\u2022  Portal 2\n\u2022  Slime Rancher\n\u2022  Party Club\n\u2022  Noosphere\n\u2022  Dream Aether\n\u2022  Terraria\n\u2022  Goat Simulator\n\u2022  Crysis 1 Remasted\n\u2022  Cyberpunk 2077\n\u2022  RV THERE YET\n\u2022  Fallout 4\n\u2022  Fallout 7"
        },
        {
            "name": "CUENTA STEAM \u26a1",
            "url": "https://discord.com/channels/1387473286044057650/1403830214789959752/1468335682391900390",
            "id": 1468335682391900390,
            "games": "\u2022 stellar blade"
        },
        {
            "name": "CUENTA STEAM \u26a1",
            "url": "https://discord.com/channels/1387473286044057650/1403830214789959752/1468334962691539055",
            "id": 1468334962691539055,
            "games": "\u2022  12 is Better Than 6\n\u2022  The Witcher 3\n\u2022  Baldur's Gate 3\n\u2022  Black Myth: Wukong\n\u2022  Buckshot Roulette\n\u2022  Castle Crashers\n\u2022  Chained Together\n\u2022  Company of Heroes 2\n\u2022  Content Warning\n\u2022  Cyberpunk 2077\n\u2022  DAVE THE DIVER\n\u2022  Devil May Cry\n\u2022  Don't Starve Together\n\u2022  Don't Starve\n\u2022  Door Kickers: Action Squad\n\u2022  Dying Light\n\u2022  Escape From Duckov\n\u2022  Escape the Backrooms\n\u2022  The Escapists 2\n\u2022  Figment\n\u2022  Forza Horizon 4\n\u2022  Frostpunk\n\u2022  Garry's Mod\n\u2022  Getting Over It\n\u2022  Half Life\n\u2022  Hitman 2\n\u2022  Kingdom Come: Deliverance\n\u2022  Liars Bar\n\u2022  Little Nightmares 1\n\u2022  Little Nightmares 2\n\u2022  Little Nightmares 3\n\u2022  Metro Last Light\n\u2022  MiSide\n\u2022  Monster Hunter World\n\u2022  Mount & Blade: Bannerlord\n\u2022  NBA 2K25\n\u2022  No Man's Sky\n\u2022  Overcooked 2\n\u2022  Oxygen Not Included\n\u2022  Palia\n\u2022  PAYDAY 2\n\u2022  Party Animals\n\u2022  Pico Park\n\u2022  Poly Bridge 1\n\u2022  Poly Bridge 2\n\u2022  Project Zomboid\n\u2022  Resident Evil VII: Biohazard\n\u2022  Resident Evil RE:Verse\n\u2022  Resident Evil VIII: Village\n\u2022  Rise of The Tomb Raider\n\u2022  Shadow of The Tomb Raider\n\u2022  Sid Meier's Civilization VI\n\u2022  SnowRunner\n\u2022  Split Fiction\n\u2022  Stardew Valley\n\u2022  Terraria\n\u2022  Thief Simulator\n\u2022  This War of Mine\n\u2022  Tomb Raider\n\u2022  Hogwarts Legacy"
        },
        {
            "name": "CUENTA STEAM \u26a1",
            "url": "https://discord.com/channels/1387473286044057650/1403830214789959752/1468328892988395611",
            "id": 1468328892988395611,
            "games": "\u2022 ELDEN RING (+DLC)"
        },
        {
            "name": "CUENTA STEAM \u26a1",
            "url": "https://discord.com/channels/1387473286044057650/1403830214789959752/1468328392326779073",
            "id": 1468328392326779073,
            "games": "\u2022 TRIPLE AAA"
        },
        {
            "name": "CUENTA STEAM \u26a1",
            "url": "https://discord.com/channels/1387473286044057650/1403830214789959752/1468327533354422440",
            "id": 1468327533354422440,
            "games": "\u2022 Streamer Life Simulator 2"
        },
        {
            "name": "CUENTA STEAM \u26a1",
            "url": "https://discord.com/channels/1387473286044057650/1403830214789959752/1468327138678804624",
            "id": 1468327138678804624,
            "games": "\u2022 Grand Theft Auto: San Andreas"
        },
        {
            "name": "CUENTA STEAM \u26a1",
            "url": "https://discord.com/channels/1387473286044057650/1403830214789959752/1468326642681381059",
            "id": 1468326642681381059,
            "games": "\u2022 Microsoft Flight Simulator (2020"
        },
        {
            "name": "CUENTA STEAM \u26a1",
            "url": "https://discord.com/channels/1387473286044057650/1403830214789959752/1468318360365305968",
            "id": 1468318360365305968,
            "games": "\u2022 Black Myth: Wukong"
        },
        {
            "name": "CUENTA STEAM \u26a1",
            "url": "https://discord.com/channels/1387473286044057650/1403830214789959752/1468317792515264715",
            "id": 1468317792515264715,
            "games": "\u2022 sonic frontiers"
        }
    ],
    "accounts_db": {
        "1468317792515264715": {
            "accounts": [
                {
                    "u": "ajshdsa23",
                    "p": "sajd324@#@"
                }
            ],
            "auth_type": "Usuario"
        },
        "1468318360365305968": {
            "accounts": [
                {
                    "u": "KoloaKoachl1f4",
                    "p": "ven4ik_loveuu5"
                }
            ],
            "auth_type": "Usuario"
        },
        "1468326642681381059": {
            "accounts": [
                {
                    "u": "Dovyrth",
                    "p": "Nzkahdn97"
                }
            ],
            "auth_type": "Usuario"
        },
        "1468327138678804624": {
            "accounts": [
                {
                    "u": "joelal123",
                    "p": "Bigboss007@"
                }
            ],
            "auth_type": "Usuario"
        },
        "1468327533354422440": {
            "accounts": [
                {
                    "u": "malekaladi9846",
                    "p": "marpanov_free8"
                }
            ],
            "auth_type": "Usuario"
        },
        "1468328392326779073": {
            "accounts": [
                {
                    "u": "mnrdg19821",
                    "p": "mbqem91566"
                }
            ],
            "auth_type": "Usuario"
        },
        "1468328892988395611": {
            "accounts": [
                {
                    "u": "ShadowOfTheErdtreeEdition",
                    "p": "BloodRue_shop"
                }
            ],
            "auth_type": "Usuario"
        },
        "1468334962691539055": {
            "accounts": [
                {
                    "u": "abc00368",
                    "p": "358462377Tjc"
                }
            ],
            "auth_type": "Usuario"
        },
        "1468335682391900390": {
            "accounts": [
                {
                    "u": "hjnrf77848",
                    "p": "tnpb55022K"
                }
            ],
            "auth_type": "Usuario"
        },
        "1468337116558790852": {
            "accounts": [
                {
                    "u": "fresh6y",
                    "p": "OY/Br^bCO?2@Mr3"
                }
            ],
            "auth_type": "Usuario"
        },
        "1468337665207439482": {
            "accounts": [
                {
                    "u": "stupidcow1st",
                    "p": "marpanov_free12"
                }
            ],
            "auth_type": "Usuario"
        },
        "1468525045235187783": {
            "accounts": [
                {
                    "u": "foen90553",
                    "p": "6b2v7iyb"
                }
            ],
            "auth_type": "Usuario"
        },
        "1468525754131288196": {
            "accounts": [
                {
                    "u": "enbrooklyn33@hotmail.com",
                    "p": "3866money$"
                }
            ],
            "auth_type": "Correo"
        },
        "1468525941209960502": {
            "accounts": [
                {
                    "u": "enbrooklyn33@hotmail.com",
                    "p": "3866money$"
                }
            ],
            "auth_type": "Correo"
        },
        "1468526474783887401": {
            "accounts": [
                {
                    "u": "test539682",
                    "p": "kCNQTA642"
                },
                {
                    "u": "166528946",
                    "p": "Hx5546954"
                },
                {
                    "u": "lzmio79653",
                    "p": "ejgc61728I"
                },
                {
                    "u": "titde97339",
                    "p": "nidjr86786"
                },
                {
                    "u": "166528949",
                    "p": "Hx5556954"
                },
                {
                    "u": "bkpfo71348",
                    "p": "gvrm49479B"
                },
                {
                    "u": "arvno32156",
                    "p": "xnwl90461O"
                },
                {
                    "u": "qievs34466",
                    "p": "xglwl49042"
                },
                {
                    "u": "DSjianxin8888",
                    "p": "DS2256235jinxin"
                },
                {
                    "u": "aegis084",
                    "p": "ezskydream"
                },
                {
                    "u": "caofx37557",
                    "p": "bhfyf42831"
                },
                {
                    "u": "iouvk148111",
                    "p": "PmBcF267786"
                },
                {
                    "u": "mutnr91844",
                    "p": "dolus86-FunPAy"
                },
                {
                    "u": "lhizo29782",
                    "p": "qcvt16479M"
                },
                {
                    "u": "coozq40975",
                    "p": "xhlp07413I"
                },
                {
                    "u": "uourp87876",
                    "p": "tnmc71191V"
                },
                {
                    "u": "hjnrf77848",
                    "p": "tnpb55022K"
                }
            ],
            "auth_type": "Usuario"
        },
        "1468608844581179505": {
            "accounts": [
                {
                    "u": "ohmygosh42",
                    "p": "Chaco102190@"
                }
            ],
            "auth_type": "Usuario"
        },
        "1468609744506720329": {
            "accounts": [
                {
                    "u": "MRT_v-TV",
                    "p": "adrian01140"
                }
            ],
            "auth_type": "Usuario"
        },
        "1468653178663997441": {
            "accounts": [
                {
                    "u": "yo14wdyv8",
                    "p": "1qaz1qazQ"
                }
            ],
            "auth_type": "Usuario"
        },
        "1468653742114082941": {
            "accounts": [
                {
                    "u": "Ao5Dw5Pg0Os4",
                    "p": "Ea7Iu4Ff4Wf7"
                }
            ],
            "auth_type": "Usuario"
        },
        "1468654557671325846": {
            "accounts": [
                {
                    "u": "saranredm",
                    "p": "marpanov_free11"
                }
            ],
            "auth_type": "Usuario"
        },
        "1468669338495226010": {
            "accounts": [
                {
                    "u": "steamok1090251",
                    "p": "steamok45678919"
                }
            ],
            "auth_type": "Usuario"
        },
        "1468968037905334465": {
            "accounts": [
                {
                    "u": "ilochkayyyyya193_ee",
                    "p": "ilkasos_45/9"
                }
            ],
            "auth_type": "Usuario"
        },
        "1469636078725107723": {
            "accounts": [
                {
                    "u": "7854yixk",
                    "p": "6399dnEVfh13"
                }
            ],
            "auth_type": "Usuario"
        },
        "1469637191415103539": {
            "accounts": [
                {
                    "u": "Bt5Pd3Zm9Sz4",
                    "p": "Yk2Ho8Wl5Im2"
                }
            ],
            "auth_type": "Usuario"
        },
        "1469637557200486444": {
            "accounts": [
                {
                    "u": "13702743389",
                    "p": "ygpPkxwbco"
                }
            ],
            "auth_type": "Usuario"
        },
        "1469638057656320052": {
            "accounts": [
                {
                    "u": "IronShop7595485",
                    "p": "ironSHHop556##@@@@"
                }
            ],
            "auth_type": "Usuario"
        },
        "1469638830842708165": {
            "accounts": [
                {
                    "u": "QSS_account",
                    "p": "HguLDq!&ug12"
                }
            ],
            "auth_type": "Usuario"
        },
        "1469691412982530293": {
            "accounts": [
                {
                    "u": "acc",
                    "p": " pepitogeimplei"
                },
                {
                    "u": "contra",
                    "p": " pepitogeimplei2"
                }
            ],
            "auth_type": "Usuario"
        },
        "1469699593603252331": {
            "accounts": [
                {
                    "u": "User",
                    "p": ""
                },
                {
                    "u": "Pass",
                    "p": " "
                }
            ],
            "auth_type": "Usuario"
        },
        "1469699842635989280": {
            "accounts": [
                {
                    "u": "Acc",
                    "p": "johnlopez217 Pass"
                }
            ],
            "auth_type": "Usuario"
        },
        "1469700401686380544": {
            "accounts": [
                {
                    "u": "olaa",
                    "p": "damn"
                }
            ],
            "auth_type": "Usuario"
        },
        "1469700660739047435": {
            "accounts": [
                {
                    "u": "user",
                    "p": " johnlopez217 pass"
                }
            ],
            "auth_type": "Usuario"
        },
        "1469700979111887080": {
            "accounts": [
                {
                    "u": "johnlopez217",
                    "p": "funpayChainz96"
                }
            ],
            "auth_type": "Usuario"
        },
        "1469701266329567427": {
            "accounts": [
                {
                    "u": "tubss13914",
                    "p": "pguu39880E"
                }
            ],
            "auth_type": "Usuario"
        },
        "1469701915809021962": {
            "accounts": [
                {
                    "u": "ilochkayyyyya193_ee",
                    "p": "ilkasos_45/9"
                }
            ],
            "auth_type": "Usuario"
        },
        "1469702190670024861": {
            "accounts": [
                {
                    "u": "zacsef132",
                    "p": "2cool4school@"
                }
            ],
            "auth_type": "Usuario"
        },
        "1469703610370625708": {
            "accounts": [
                {
                    "u": "ilochkayyyyya193_ee",
                    "p": "ilkasos_45/9"
                }
            ],
            "auth_type": "Usuario"
        },
        "1469704561576120457": {
            "accounts": [
                {
                    "u": "hjnrf77848",
                    "p": "tnpb55022K"
                }
            ],
            "auth_type": "Usuario"
        },
        "1469705380903911638": {
            "accounts": [
                {
                    "u": "tobiasohlund",
                    "p": "BulbulofficialFP"
                }
            ],
            "auth_type": "Usuario"
        },
        "1469706054307942609": {
            "accounts": [
                {
                    "u": "noliktava2",
                    "p": "Luju2512"
                }
            ],
            "auth_type": "Usuario"
        },
        "1469706990761676872": {
            "accounts": [
                {
                    "u": "Ao5Dw5Pg0Os4",
                    "p": "Ea7Iu4Ff4Wf7"
                }
            ],
            "auth_type": "Usuario"
        },
        "1469707352201756682": {
            "accounts": [
                {
                    "u": "Ao5Dw5Pg0Os4",
                    "p": "Ea7Iu4Ff4Wf7"
                }
            ],
            "auth_type": "Usuario"
        },
        "1469708841351516204": {
            "accounts": [
                {
                    "u": "saranredm",
                    "p": "marpanov_free11"
                }
            ],
            "auth_type": "Usuario"
        },
        "1469712036715037030": {
            "accounts": [
                {
                    "u": "arks62",
                    "p": "playerokTovarStoreRe"
                }
            ],
            "auth_type": "Usuario"
        },
        "1469727479777202201": {
            "accounts": [
                {
                    "u": "JfTlw771203",
                    "p": "01134791"
                }
            ],
            "auth_type": "Usuario"
        },
        "1469727937623232674": {
            "accounts": [
                {
                    "u": "orhanelmas",
                    "p": "zorlu.2022"
                }
            ],
            "auth_type": "Usuario"
        },
        "1469728559512944690": {
            "accounts": [
                {
                    "u": "xbglp85313",
                    "p": "cnkf64372Y"
                }
            ],
            "auth_type": "Usuario"
        },
        "1469729427213520946": {
            "accounts": [
                {
                    "u": "tbellcross",
                    "p": "marpanov_steam"
                }
            ],
            "auth_type": "Usuario"
        },
        "1469730135262363823": {
            "accounts": [
                {
                    "u": "loslosowyhoryncio12",
                    "p": "horyncio123Losowy"
                }
            ],
            "auth_type": "Usuario"
        },
        "1469730248714358948": {
            "accounts": [
                {
                    "u": "abc00368",
                    "p": "358462377Tjc"
                }
            ],
            "auth_type": "Usuario"
        },
        "1469730890786672650": {
            "accounts": [
                {
                    "u": "xxSoyMankoxx",
                    "p": "sBpOAB0q83m4dH8"
                }
            ],
            "auth_type": "Usuario"
        },
        "1469731552861884447": {
            "accounts": [
                {
                    "u": "qbnsu55461",
                    "p": "rxaa81567K"
                }
            ],
            "auth_type": "Usuario"
        },
        "1469731698710417493": {
            "accounts": [
                {
                    "u": "tbellcross",
                    "p": "marpanov_steam"
                }
            ],
            "auth_type": "Usuario"
        },
        "1469732492461474023": {
            "accounts": [
                {
                    "u": "lqoree",
                    "p": "marpanov_free1"
                }
            ],
            "auth_type": "Usuario"
        },
        "1469732507468435769": {
            "accounts": [
                {
                    "u": "jesanniona1984",
                    "p": "ymEcKBnDKF1985"
                }
            ],
            "auth_type": "Usuario"
        },
        "1469733305233444985": {
            "accounts": [
                {
                    "u": "dottie1122",
                    "p": "Dott1568"
                }
            ],
            "auth_type": "Usuario"
        },
        "1469733646075166991": {
            "accounts": [
                {
                    "u": "vehbl69756",
                    "p": "rukdy40788"
                }
            ],
            "auth_type": "Usuario"
        },
        "1469733942348349541": {
            "accounts": [
                {
                    "u": "rambozy2120",
                    "p": "Jack2120"
                }
            ],
            "auth_type": "Usuario"
        },
        "1469734969298522233": {
            "accounts": [
                {
                    "u": "cretosesat1971",
                    "p": "JYQaFwd7zh"
                }
            ],
            "auth_type": "Usuario"
        },
        "1469736135822545110": {
            "accounts": [
                {
                    "u": "farcryxiajsh",
                    "p": "playerok.com/profile/QAVIX"
                }
            ],
            "auth_type": "Usuario"
        },
        "1469736560898605270": {
            "accounts": [
                {
                    "u": "conrt985",
                    "p": "gafFykxaaE"
                }
            ],
            "auth_type": "Usuario"
        },
        "1469736745728872538": {
            "accounts": [
                {
                    "u": "ol3ts7kf9hc3",
                    "p": "marpanov"
                }
            ],
            "auth_type": "Usuario"
        },
        "1469737152899452938": {
            "accounts": [
                {
                    "u": "conrt985",
                    "p": "gafFykxaaE"
                }
            ],
            "auth_type": "Usuario"
        },
        "1469738150610993398": {
            "accounts": [
                {
                    "u": "mdpem67635",
                    "p": "amkqp133fDdffsd"
                }
            ],
            "auth_type": "Usuario"
        },
        "1469738578698571960": {
            "accounts": [
                {
                    "u": "arks62",
                    "p": "playerokTovarStoreRe"
                }
            ],
            "auth_type": "Usuario"
        },
        "1469739488619008074": {
            "accounts": [
                {
                    "u": "Tp4Fc9Xz4Dl1",
                    "p": "Co0Mn6Jf4Zb5"
                }
            ],
            "auth_type": "Usuario"
        },
        "1469745142289272904": {
            "accounts": [
                {
                    "u": "72108fd4",
                    "p": "Hjy413687"
                }
            ],
            "auth_type": "Usuario"
        },
        "1469745497169330318": {
            "accounts": [
                {
                    "u": "flqkm5npgthkvwkofoxr",
                    "p": "alz0n_store_clobex33_v1l6S"
                }
            ],
            "auth_type": "Usuario"
        },
        "1469746030655574189": {
            "accounts": [
                {
                    "u": "Wv7Ac9Yb8Sc2",
                    "p": "7LESTORE12122"
                }
            ],
            "auth_type": "Usuario"
        },
        "1469746358985560287": {
            "accounts": [
                {
                    "u": "Docghostlok",
                    "p": "thqx5499"
                }
            ],
            "auth_type": "Usuario"
        },
        "1469747102765809714": {
            "accounts": [
                {
                    "u": "patlbi",
                    "p": "NJDqj5KH"
                }
            ],
            "auth_type": "Usuario"
        },
        "1469748217653760121": {
            "accounts": [
                {
                    "u": "eqt86120",
                    "p": "bup45433"
                }
            ],
            "auth_type": "Usuario"
        },
        "1469748968593555538": {
            "accounts": [
                {
                    "u": "quypham89",
                    "p": "qdOGEhkqIwTS"
                }
            ],
            "auth_type": "Usuario"
        },
        "1469749551127728391": {
            "accounts": [
                {
                    "u": "xenom3422342",
                    "p": "Nickhip75!@NCc"
                }
            ],
            "auth_type": "Usuario"
        },
        "1469753511251279934": {
            "accounts": [
                {
                    "u": "huyatest8",
                    "p": "Huya123456"
                }
            ],
            "auth_type": "Usuario"
        },
        "1469764005101961266": {
            "accounts": [
                {
                    "u": "bejdw16664",
                    "p": "Bejdw14666"
                }
            ],
            "auth_type": "Usuario"
        },
        "1469764477514809536": {
            "accounts": [
                {
                    "u": "milkey55",
                    "p": "Colanegruti1"
                }
            ],
            "auth_type": "Usuario"
        },
        "1469779539939819620": {
            "accounts": [
                {
                    "u": "Mariofs251",
                    "p": "Digital1813"
                }
            ],
            "auth_type": "Usuario"
        },
        "1469783194986610842": {
            "accounts": [
                {
                    "u": "class5o",
                    "p": "class767887class"
                }
            ],
            "auth_type": "Usuario"
        },
        "1469790159653437501": {
            "accounts": [
                {
                    "u": "maliek.davis33@gmail.com",
                    "p": "maliek2004"
                },
                {
                    "u": "lunnahsophia2017@gmail.com",
                    "p": "280517Ls"
                },
                {
                    "u": "jackely370@gmail.com",
                    "p": "Je85990!"
                },
                {
                    "u": "jcpucc@hotmail.com",
                    "p": "66Corvette"
                },
                {
                    "u": "leticiadasilvagomes0614@gmail.com",
                    "p": "proibido98"
                },
                {
                    "u": "markusovadillafmgs52@gmail.com",
                    "p": "1234crunchyroll"
                },
                {
                    "u": "matheus_dias2004@hotmail.com",
                    "p": "theu2013"
                },
                {
                    "u": "michel_almeida1902@hotmail.com",
                    "p": "samuel07"
                },
                {
                    "u": "mohou51@hotmail.fr",
                    "p": "Ghaith2021@"
                },
                {
                    "u": "nopparat17oppo@gmail.com",
                    "p": "1234crunchyroll"
                },
                {
                    "u": "padilha_97@outlook.com",
                    "p": "Carlos@1997"
                },
                {
                    "u": "p.dolega@outlook.com",
                    "p": "Mama2020!"
                },
                {
                    "u": "poppyseedheroin@gmail.com",
                    "p": "killmeplease"
                },
                {
                    "u": "say-faction-pout@duck.com",
                    "p": "say-faction-pout@duck.com"
                },
                {
                    "u": "7i9p29q4c3@cmhvzylmfc.com",
                    "p": "KIKIRR44"
                },
                {
                    "u": "MIGUELGRANADA05@GMAIL.COM",
                    "p": "Potato_05"
                },
                {
                    "u": "alexeythor2408@gmail.com",
                    "p": "nadia1311"
                },
                {
                    "u": "calebosse@hotmail.com",
                    "p": "Transformers80"
                },
                {
                    "u": "mutwassim@gmail.com",
                    "p": "Zaroon9!"
                },
                {
                    "u": "thiagobk12346@gmail.com",
                    "p": "33752602t"
                },
                {
                    "u": "tibiandawid@gmail.com",
                    "p": "MnPHG7eSpjuQC6c"
                },
                {
                    "u": "noorcillam@gmail.com",
                    "p": "Urarakauwu3"
                },
                {
                    "u": "jordanpboyle@gmail.com",
                    "p": "Erika9497!"
                },
                {
                    "u": "mitchellszczepanski42@gmail.com",
                    "p": "Midnight123#"
                },
                {
                    "u": "DerekGlasgowxd@hotmail.com",
                    "p": "flamengo123@"
                },
                {
                    "u": "carolnick532@gmail.com",
                    "p": "Valour4432"
                },
                {
                    "u": "brunofcs84@gmail.com",
                    "p": "dsm131619"
                },
                {
                    "u": "cibbips4@gmail.com",
                    "p": "K4tn4321"
                },
                {
                    "u": "cdickson96@yahoo.com",
                    "p": "Dick96son!"
                },
                {
                    "u": "crunchyroll13@cspelis.com",
                    "p": "morelia123"
                },
                {
                    "u": "damho1429@gmail.com",
                    "p": "Dayala1429"
                },
                {
                    "u": "decillia.letizia@neuf.fr",
                    "p": "a53v7r6x@"
                },
                {
                    "u": "douglasdfn00@gmail.com",
                    "p": "444492xyZ"
                },
                {
                    "u": "eliasshamal@icloud.com",
                    "p": "Sommer10."
                },
                {
                    "u": "enzzolol@hotmail.com",
                    "p": "En36430595*"
                },
                {
                    "u": "ethan040304@hotmail.co.uk",
                    "p": "Gerbil44*..."
                },
                {
                    "u": "espinosamiguel993@gmail.com",
                    "p": "Miguel14-2001"
                },
                {
                    "u": "devggmax090@gmail.com",
                    "p": "devggmax245"
                },
                {
                    "u": "fabresthomas010@gmail.com",
                    "p": "tomas1419..."
                },
                {
                    "u": "fancrunchyroll@sellfuntv.com",
                    "p": "Eficiencia2024"
                },
                {
                    "u": "gabriellimaffarias@gmail.com",
                    "p": "@Farias2021"
                },
                {
                    "u": "garvituppal3@gmail.com",
                    "p": "uppal@4321"
                },
                {
                    "u": "ggabrielgiubel@gmail.com",
                    "p": "Urso147869"
                },
                {
                    "u": "hate-scoop-kiwi@duck.com",
                    "p": "105111"
                },
                {
                    "u": "isabellamusic11@gmail.com",
                    "p": "m.5850970"
                },
                {
                    "u": "crd226@dopitas.com",
                    "p": "dopadopa48"
                },
                {
                    "u": "crn18qws@lua7.com",
                    "p": "top123123"
                },
                {
                    "u": "demontrondmatys@gmail.com",
                    "p": "Matysplat0&"
                },
                {
                    "u": "elielmo00@gmil.com",
                    "p": "eliel2000"
                },
                {
                    "u": "esteban515300@outlook.fr",
                    "p": "Satisfactory&&515300"
                },
                {
                    "u": "ermekkalievernur2@gmail.com",
                    "p": "ernur191205"
                },
                {
                    "u": "gk201116@icloud.com",
                    "p": "Redness1234!"
                }
            ],
            "auth_type": "Correo"
        },
        "1469791181356404978": {
            "accounts": [
                {
                    "u": "maliek.davis33@gmail.com",
                    "p": "maliek2004"
                },
                {
                    "u": "lunnahsophia2017@gmail.com",
                    "p": "280517Ls"
                },
                {
                    "u": "jackely370@gmail.com",
                    "p": "Je85990!"
                },
                {
                    "u": "jcpucc@hotmail.com",
                    "p": "66Corvette"
                },
                {
                    "u": "leticiadasilvagomes0614@gmail.com",
                    "p": "proibido98"
                },
                {
                    "u": "markusovadillafmgs52@gmail.com",
                    "p": "1234crunchyroll"
                },
                {
                    "u": "matheus_dias2004@hotmail.com",
                    "p": "theu2013"
                },
                {
                    "u": "michel_almeida1902@hotmail.com",
                    "p": "samuel07"
                },
                {
                    "u": "mohou51@hotmail.fr",
                    "p": "Ghaith2021@"
                },
                {
                    "u": "nopparat17oppo@gmail.com",
                    "p": "1234crunchyroll"
                },
                {
                    "u": "padilha_97@outlook.com",
                    "p": "Carlos@1997"
                },
                {
                    "u": "p.dolega@outlook.com",
                    "p": "Mama2020!"
                },
                {
                    "u": "poppyseedheroin@gmail.com",
                    "p": "killmeplease"
                },
                {
                    "u": "say-faction-pout@duck.com",
                    "p": "say-faction-pout@duck.com"
                },
                {
                    "u": "7i9p29q4c3@cmhvzylmfc.com",
                    "p": "KIKIRR44"
                },
                {
                    "u": "MIGUELGRANADA05@GMAIL.COM",
                    "p": "Potato_05"
                },
                {
                    "u": "alexeythor2408@gmail.com",
                    "p": "nadia1311"
                },
                {
                    "u": "calebosse@hotmail.com",
                    "p": "Transformers80"
                },
                {
                    "u": "mutwassim@gmail.com",
                    "p": "Zaroon9!"
                },
                {
                    "u": "thiagobk12346@gmail.com",
                    "p": "33752602t"
                },
                {
                    "u": "tibiandawid@gmail.com",
                    "p": "MnPHG7eSpjuQC6c"
                },
                {
                    "u": "noorcillam@gmail.com",
                    "p": "Urarakauwu3"
                },
                {
                    "u": "jordanpboyle@gmail.com",
                    "p": "Erika9497!"
                },
                {
                    "u": "mitchellszczepanski42@gmail.com",
                    "p": "Midnight123#"
                },
                {
                    "u": "DerekGlasgowxd@hotmail.com",
                    "p": "flamengo123@"
                },
                {
                    "u": "carolnick532@gmail.com",
                    "p": "Valour4432"
                },
                {
                    "u": "brunofcs84@gmail.com",
                    "p": "dsm131619"
                },
                {
                    "u": "cibbips4@gmail.com",
                    "p": "K4tn4321"
                },
                {
                    "u": "cdickson96@yahoo.com",
                    "p": "Dick96son!"
                },
                {
                    "u": "crunchyroll13@cspelis.com",
                    "p": "morelia123"
                },
                {
                    "u": "damho1429@gmail.com",
                    "p": "Dayala1429"
                },
                {
                    "u": "decillia.letizia@neuf.fr",
                    "p": "a53v7r6x@"
                },
                {
                    "u": "douglasdfn00@gmail.com",
                    "p": "444492xyZ"
                },
                {
                    "u": "eliasshamal@icloud.com",
                    "p": "Sommer10."
                },
                {
                    "u": "enzzolol@hotmail.com",
                    "p": "En36430595*"
                },
                {
                    "u": "ethan040304@hotmail.co.uk",
                    "p": "Gerbil44*..."
                },
                {
                    "u": "espinosamiguel993@gmail.com",
                    "p": "Miguel14-2001"
                },
                {
                    "u": "devggmax090@gmail.com",
                    "p": "devggmax245"
                },
                {
                    "u": "fabresthomas010@gmail.com",
                    "p": "tomas1419..."
                },
                {
                    "u": "fancrunchyroll@sellfuntv.com",
                    "p": "Eficiencia2024"
                },
                {
                    "u": "gabriellimaffarias@gmail.com",
                    "p": "@Farias2021"
                },
                {
                    "u": "garvituppal3@gmail.com",
                    "p": "uppal@4321"
                },
                {
                    "u": "ggabrielgiubel@gmail.com",
                    "p": "Urso147869"
                },
                {
                    "u": "hate-scoop-kiwi@duck.com",
                    "p": "105111"
                },
                {
                    "u": "isabellamusic11@gmail.com",
                    "p": "m.5850970"
                },
                {
                    "u": "crd226@dopitas.com",
                    "p": "dopadopa48"
                },
                {
                    "u": "crn18qws@lua7.com",
                    "p": "top123123"
                },
                {
                    "u": "demontrondmatys@gmail.com",
                    "p": "Matysplat0&"
                },
                {
                    "u": "elielmo00@gmil.com",
                    "p": "eliel2000"
                },
                {
                    "u": "esteban515300@outlook.fr",
                    "p": "Satisfactory&&515300"
                },
                {
                    "u": "ermekkalievernur2@gmail.com",
                    "p": "ernur191205"
                },
                {
                    "u": "gk201116@icloud.com",
                    "p": "Redness1234!"
                }
            ],
            "auth_type": "Correo"
        },
        "1469791736174739547": {
            "accounts": [
                {
                    "u": "Cuenta",
                    "p": "cuenta"
                },
                {
                    "u": "Cuenta",
                    "p": "cuenta"
                },
                {
                    "u": "Cuenta",
                    "p": "cuenta"
                },
                {
                    "u": "Cuenta",
                    "p": "cuenta"
                },
                {
                    "u": "Cuenta",
                    "p": "cuenta"
                },
                {
                    "u": "Cuenta",
                    "p": "cuenta"
                },
                {
                    "u": "Cuenta",
                    "p": "cuenta"
                },
                {
                    "u": "Cuenta",
                    "p": "cuenta"
                },
                {
                    "u": "Cuenta",
                    "p": "cuenta"
                },
                {
                    "u": "Cuenta",
                    "p": "cuenta"
                },
                {
                    "u": "Cuenta",
                    "p": "cuenta"
                },
                {
                    "u": "Cuenta",
                    "p": "cuenta"
                },
                {
                    "u": "Cuenta",
                    "p": "cuenta"
                },
                {
                    "u": "Cuenta",
                    "p": "cuenta"
                },
                {
                    "u": "Cuenta",
                    "p": "cuenta"
                },
                {
                    "u": "Cuenta",
                    "p": "cuenta"
                },
                {
                    "u": "Cuenta",
                    "p": "cuenta"
                },
                {
                    "u": "Cuenta",
                    "p": "cuenta"
                },
                {
                    "u": "Cuenta",
                    "p": "cuenta"
                },
                {
                    "u": "Cuenta",
                    "p": "cuenta"
                }
            ],
            "auth_type": "Usuario"
        },
        "1469792831332683809": {
            "accounts": [
                {
                    "u": "maliek.davis33@gmail.com",
                    "p": "maliek2004"
                },
                {
                    "u": "lunnahsophia2017@gmail.com",
                    "p": "280517Ls"
                },
                {
                    "u": "jackely370@gmail.com",
                    "p": "Je85990!"
                },
                {
                    "u": "jcpucc@hotmail.com",
                    "p": "66Corvette"
                },
                {
                    "u": "leticiadasilvagomes0614@gmail.com",
                    "p": "proibido98"
                },
                {
                    "u": "markusovadillafmgs52@gmail.com",
                    "p": "1234crunchyroll"
                },
                {
                    "u": "matheus_dias2004@hotmail.com",
                    "p": "theu2013"
                },
                {
                    "u": "michel_almeida1902@hotmail.com",
                    "p": "samuel07"
                },
                {
                    "u": "mohou51@hotmail.fr",
                    "p": "Ghaith2021@"
                },
                {
                    "u": "nopparat17oppo@gmail.com",
                    "p": "1234crunchyroll"
                },
                {
                    "u": "padilha_97@outlook.com",
                    "p": "Carlos@1997"
                },
                {
                    "u": "p.dolega@outlook.com",
                    "p": "Mama2020!"
                },
                {
                    "u": "poppyseedheroin@gmail.com",
                    "p": "killmeplease"
                },
                {
                    "u": "say-faction-pout@duck.com",
                    "p": "say-faction-pout@duck.com"
                },
                {
                    "u": "7i9p29q4c3@cmhvzylmfc.com",
                    "p": "KIKIRR44"
                }
            ],
            "auth_type": "Correo"
        },
        "1469814144134938731": {
            "accounts": [
                {
                    "u": "User",
                    "p": "dametucosita"
                },
                {
                    "u": "Contrase\u00f1a",
                    "p": " Koreanoputo123"
                }
            ],
            "auth_type": "Usuario"
        },
        "1469822890378793113": {
            "accounts": [
                {
                    "u": "Vo4Nk1Ta7Nw2",
                    "p": "Ya4Kj7Kk5Vi7"
                }
            ],
            "auth_type": "Usuario"
        },
        "1469874554078887948": {
            "accounts": [
                {
                    "u": "fabresthomas010@gmail.com",
                    "p": "tomas1419..."
                },
                {
                    "u": "fancrunchyroll@sellfuntv.com",
                    "p": "Eficiencia2024"
                },
                {
                    "u": "gabriellimaffarias@gmail.com",
                    "p": "@Farias2021"
                },
                {
                    "u": "garvituppal3@gmail.com",
                    "p": "uppal@4321"
                },
                {
                    "u": "ggabrielgiubel@gmail.com",
                    "p": "Urso147869"
                },
                {
                    "u": "hate-scoop-kiwi@duck.com",
                    "p": "105111"
                },
                {
                    "u": "isabellamusic11@gmail.com",
                    "p": "m.5850970"
                },
                {
                    "u": "crd226@dopitas.com",
                    "p": "dopadopa48"
                },
                {
                    "u": "crn18qws@lua7.com",
                    "p": "top123123"
                },
                {
                    "u": "demontrondmatys@gmail.com",
                    "p": "Matysplat0&"
                },
                {
                    "u": "elielmo00@gmil.com",
                    "p": "eliel2000"
                },
                {
                    "u": "esteban515300@outlook.fr",
                    "p": "Satisfactory&&515300"
                },
                {
                    "u": "ermekkalievernur2@gmail.com",
                    "p": "ernur191205"
                },
                {
                    "u": "gk201116@icloud.com",
                    "p": "Redness1234!"
                }
            ],
            "auth_type": "Correo"
        },
        "1470005704591933627": {
            "accounts": [
                {
                    "u": "davemullins90",
                    "p": "9wnrv35n3h"
                }
            ],
            "auth_type": "Usuario"
        },
        "1470006377408888843": {
            "accounts": [
                {
                    "u": "h7_forzahorizon5",
                    "p": "50https"
                }
            ],
            "auth_type": "Usuario"
        },
        "1470008806200053925": {
            "accounts": [
                {
                    "u": "opaganatto",
                    "p": "Al140619"
                }
            ],
            "auth_type": "Usuario"
        },
        "1470009475078426809": {
            "accounts": [
                {
                    "u": "58786917",
                    "p": "25925863"
                }
            ],
            "auth_type": "Usuario"
        },
        "1470009622822653985": {
            "accounts": [
                {
                    "u": "QSS_account",
                    "p": "HguLDq!&ug12"
                }
            ],
            "auth_type": "Usuario"
        },
        "1470010594609594514": {
            "accounts": [
                {
                    "u": "abc00368",
                    "p": "358462377Tjc"
                }
            ],
            "auth_type": "Usuario"
        },
        "1470011553032966341": {
            "accounts": [
                {
                    "u": "ytkun1110@outlook.com",
                    "p": "ytqgwa111\t"
                },
                {
                    "u": "joseaugusto1972@hotmail.com",
                    "p": "Jose1989.\t"
                },
                {
                    "u": "McYodo1224@gmail.com",
                    "p": "ObamaGaming42069! "
                },
                {
                    "u": "Sindre.un@gmail.com",
                    "p": "Sindre030512!12 "
                },
                {
                    "u": "gessa199@hotmail.com",
                    "p": "2AyLCorpalaudi1*"
                }
            ],
            "auth_type": "Correo"
        },
        "1470014435094434060": {
            "accounts": [
                {
                    "u": "lhwyv051202",
                    "p": "SuAmG850542"
                }
            ],
            "auth_type": "Usuario"
        },
        "1470034757973839905": {
            "accounts": [
                {
                    "u": "ohmygosh42",
                    "p": "Chaco102190@"
                }
            ],
            "auth_type": "Usuario"
        },
        "1470079225007439934": {
            "accounts": [
                {
                    "u": "95520365",
                    "p": "96253095"
                }
            ],
            "auth_type": "Usuario"
        },
        "1470101220449321083": {
            "accounts": [
                {
                    "u": "elizeu_silva14",
                    "p": "Hesoyam14*"
                }
            ],
            "auth_type": "Usuario"
        },
        "1470101779323555842": {
            "accounts": [
                {
                    "u": "rd5977",
                    "p": "951753852.ACHU"
                }
            ],
            "auth_type": "Usuario"
        },
        "1470102159893860452": {
            "accounts": [
                {
                    "u": "Kx0Rk8Wd8Ot0",
                    "p": "class123123."
                }
            ],
            "auth_type": "Usuario"
        },
        "1470102565038588048": {
            "accounts": [
                {
                    "u": "wbtq1085858",
                    "p": "steamok547512"
                }
            ],
            "auth_type": "Usuario"
        },
        "1470103667616120965": {
            "accounts": [
                {
                    "u": "kk80401",
                    "p": "kk223344kkwdw"
                }
            ],
            "auth_type": "Usuario"
        },
                "1470104499745063107": {
            "accounts": [
                {
                    "u": "pq23plf8",
                    "p": "LG93030522"
                }
            ],
            "auth_type": "Usuario"
        },
        "1470103667616120965": {
            "accounts": [
                {
                    "u": "nba_player_test",
                    "p": "pass123"
                }
            ],
            "auth_type": "Usuario"
        }
    },
    "blacklist": []
}

